{
  "01 - Registro" : {
    "transaction" : "01 - Registro",
    "sampleCount" : 50,
    "errorCount" : 0,
    "errorPct" : 0.0,
    "meanResTime" : 894.5999999999999,
    "medianResTime" : 920.5,
    "minResTime" : 264.0,
    "maxResTime" : 1685.0,
    "pct1ResTime" : 1175.1,
    "pct2ResTime" : 1273.9499999999998,
    "pct3ResTime" : 1685.0,
    "throughput" : 3.202869771315098,
    "receivedKBytesPerSec" : 0.8538900855166228,
    "sentKBytesPerSec" : 1.855662673755685
  },
  "02 - Alteracao de Prazo" : {
    "transaction" : "02 - Alteracao de Prazo",
    "sampleCount" : 50,
    "errorCount" : 0,
    "errorPct" : 0.0,
    "meanResTime" : 555.7999999999998,
    "medianResTime" : 545.0,
    "minResTime" : 252.0,
    "maxResTime" : 932.0,
    "pct1ResTime" : 766.9,
    "pct2ResTime" : 848.35,
    "pct3ResTime" : 932.0,
    "throughput" : 3.2247662044501775,
    "receivedKBytesPerSec" : 0.8597277088036117,
    "sentKBytesPerSec" : 1.9124375201547887
  },
  "03 - Autorizacao de Residencia" : {
    "transaction" : "03 - Autorizacao de Residencia",
    "sampleCount" : 50,
    "errorCount" : 0,
    "errorPct" : 0.0,
    "meanResTime" : 630.6800000000001,
    "medianResTime" : 602.5,
    "minResTime" : 212.0,
    "maxResTime" : 1349.0,
    "pct1ResTime" : 1074.3999999999999,
    "pct2ResTime" : 1264.4499999999998,
    "pct3ResTime" : 1349.0,
    "throughput" : 3.1399145943230344,
    "receivedKBytesPerSec" : 0.8371061369630747,
    "sentKBytesPerSec" : 1.9050450577744287
  },
  "05 - Substituicao de CRNM" : {
    "transaction" : "05 - Substituicao de CRNM",
    "sampleCount" : 50,
    "errorCount" : 0,
    "errorPct" : 0.0,
    "meanResTime" : 650.86,
    "medianResTime" : 602.0,
    "minResTime" : 202.0,
    "maxResTime" : 1163.0,
    "pct1ResTime" : 1038.8,
    "pct2ResTime" : 1079.5,
    "pct3ResTime" : 1163.0,
    "throughput" : 2.9721215003269332,
    "receivedKBytesPerSec" : 0.7923722359270047,
    "sentKBytesPerSec" : 1.7742172174998514
  },
  "06 - Solicitar Alteracao de Endereco" : {
    "transaction" : "06 - Solicitar Alteracao de Endereco",
    "sampleCount" : 50,
    "errorCount" : 2,
    "errorPct" : 4.0,
    "meanResTime" : 686.3799999999999,
    "medianResTime" : 726.0,
    "minResTime" : 1.0,
    "maxResTime" : 1465.0,
    "pct1ResTime" : 1237.1,
    "pct2ResTime" : 1316.4999999999998,
    "pct3ResTime" : 1465.0,
    "throughput" : 2.9066387629345423,
    "receivedKBytesPerSec" : 0.7695780287175908,
    "sentKBytesPerSec" : 1.7408041216137657
  },
  "Total" : {
    "transaction" : "Total",
    "sampleCount" : 350,
    "errorCount" : 2,
    "errorPct" : 0.5714286,
    "meanResTime" : 699.5714285714284,
    "medianResTime" : 689.0,
    "minResTime" : 1.0,
    "maxResTime" : 1685.0,
    "pct1ResTime" : 1129.5000000000002,
    "pct2ResTime" : 1232.05,
    "pct3ResTime" : 1355.0,
    "throughput" : 17.152658662092627,
    "receivedKBytesPerSec" : 4.568426856162705,
    "sentKBytesPerSec" : 10.26326268071551
  },
  "07 - Recadastramento Extemporaneo" : {
    "transaction" : "07 - Recadastramento Extemporaneo",
    "sampleCount" : 50,
    "errorCount" : 0,
    "errorPct" : 0.0,
    "meanResTime" : 849.4799999999998,
    "medianResTime" : 884.0,
    "minResTime" : 262.0,
    "maxResTime" : 1355.0,
    "pct1ResTime" : 1257.3,
    "pct2ResTime" : 1302.25,
    "pct3ResTime" : 1355.0,
    "throughput" : 2.986501015410345,
    "receivedKBytesPerSec" : 0.7962058371162346,
    "sentKBytesPerSec" : 1.8469642217178353
  },
  "04 - Segunda via de CRNM" : {
    "transaction" : "04 - Segunda via de CRNM",
    "sampleCount" : 50,
    "errorCount" : 0,
    "errorPct" : 0.0,
    "meanResTime" : 629.1999999999998,
    "medianResTime" : 606.5,
    "minResTime" : 192.0,
    "maxResTime" : 1105.0,
    "pct1ResTime" : 1004.0,
    "pct2ResTime" : 1071.85,
    "pct3ResTime" : 1105.0,
    "throughput" : 3.0562347188264063,
    "receivedKBytesPerSec" : 0.814796951405868,
    "sentKBytesPerSec" : 1.8184596577017116
  }
}